country,region,coverage_start,note
US,North America,2003,FactSet Supply Chain Relationships methodology guide v2.1: coverage start by region
CA,North America,2003,
MX,Latin America,2016,
BR,Latin America,2016,
AR,Latin America,2016,
CL,Latin America,2016,
CO,Latin America,2016,
PE,Latin America,2016,
UY,Latin America,2016,
GB,Europe,2011,
DE,Europe,2011,
FR,Europe,2011,
IT,Europe,2011,
ES,Europe,2011,
NL,Europe,2011,
SE,Europe,2011,
CH,Europe,2011,
DK,Europe,2011,
FI,Europe,2011,
NO,Europe,2011,
BE,Europe,2011,
AT,Europe,2011,
IE,Europe,2011,
PL,Europe,2011,
PT,Europe,2011,
GR,Europe,2011,
RU,Europe,2011,
LU,Europe,2011,
CZ,Europe,2011,
HU,Europe,2011,
RO,Europe,2011,
HR,Europe,2011,
RS,Europe,2011,
EE,Europe,2011,
LT,Europe,2011,
LV,Europe,2011,
SI,Europe,2011,
SK,Europe,2011,
BG,Europe,2011,
UA,Europe,2011,
CY,Europe,2011,
MT,Europe,2011,
IS,Europe,2011,
FO,Europe,2011,
MK,Europe,2011,
CN,Asia,2013,
JP,Asia,2013,
KR,Asia,2013,
TW,Asia,2013,
IN,Asia,2013,
HK,Asia,2013,
SG,Asia,2013,
MY,Asia,2013,
TH,Asia,2013,
ID,Asia,2013,
PH,Asia,2013,
VN,Asia,2013,
PK,Asia,2013,
LK,Asia,2013,
BD,Asia,2013,
KZ,Asia,2013,
KG,Asia,2013,
MO,Asia,2013,
AU,Pacific,2014,
NZ,Pacific,2014,
PG,Pacific,2014,
IL,Middle East,2014,
TR,Middle East,2014,
AE,Middle East,2014,
SA,Middle East,2014,
QA,Middle East,2014,
KW,Middle East,2014,
BH,Middle East,2014,
OM,Middle East,2014,
JO,Middle East,2014,
EG,Middle East,2014,
ZA,Africa,2014,
NG,Africa,2014,
KE,Africa,2014,
MA,Africa,2014,
TN,Africa,2014,
ZM,Africa,2014,
ZW,Africa,2014,
MW,Africa,2014,
MU,Africa,2014,
BW,Africa,2014,
NA,Africa,2014,Namibia: its ISO code NA must be read as text (keep_default_na=False)
PR,North America,2003,US territory
MC,Europe,2011,
LI,Europe,2011,
PA,Latin America,2016,
CR,Latin America,2016,
DO,Latin America,2016,
BZ,Latin America,2016,
VE,Latin America,2016,
MN,Asia,2013,
GE,Asia,2013,
IR,Middle East,2014,
GH,Africa,2014,
SL,Africa,2014,
GA,Africa,2014,
BM,offshore,,offshore domicile: no regional floor; the coverage start is the firm's first own record
KY,offshore,,offshore domicile: no regional floor
VG,offshore,,offshore domicile: no regional floor
BS,offshore,,offshore domicile: no regional floor
GI,offshore,,offshore domicile: no regional floor
